{"cameraMode":{"drawMode":2,"name":"Shaded Wireframe","section":"Shading Mode"},"sceneLighting":true,"audioPlay":false,"sceneViewState":{"showFog":true,"showMaterialUpdate":false,"showSkybox":true,"showFlares":true,"showImageEffects":true,"showParticleSystems":true},"in2DMode":false,"pivot":{"x":-74.47905731201172,"y":22.143348693847658,"z":-58.51980972290039},"rotation":{"x":0.12018202990293503,"y":-0.7093334794044495,"z":0.12578099966049195,"w":0.6827309727668762},"size":0.17853891849517823,"orthographic":false}