{"cameraMode":{"drawMode":0,"name":"Shaded","section":"Shading Mode"},"sceneLighting":true,"audioPlay":false,"sceneViewState":{"showFog":true,"showMaterialUpdate":false,"showSkybox":true,"showFlares":true,"showImageEffects":true,"showParticleSystems":true},"in2DMode":false,"pivot":{"x":-95.5247802734375,"y":72.8268814086914,"z":-101.28504180908203},"rotation":{"x":0.38885942101478579,"y":-0.17425401508808137,"z":0.07546622306108475,"w":0.9012210965156555},"size":1.2748161554336548,"orthographic":false}