{"cameraMode":{"drawMode":2,"name":"Shaded Wireframe","section":"Shading Mode"},"sceneLighting":true,"audioPlay":false,"sceneViewState":{"showFog":true,"showMaterialUpdate":false,"showSkybox":true,"showFlares":true,"showImageEffects":true,"showParticleSystems":true},"in2DMode":false,"pivot":{"x":-80.50959014892578,"y":75.27149963378906,"z":-135.49998474121095},"rotation":{"x":0.4285847544670105,"y":-0.034222498536109927,"z":0.016758868470788003,"w":0.9024460911750794},"size":1.2247449159622193,"orthographic":false}